,,precision,recall,f1-score,support
0,Mask,0.9347826086956522,0.671875,0.7818181818181819,64
1,non-Mask,0.4878048780487805,0.8695652173913043,0.625,23
2,macro avg,0.7112937433722164,0.7707201086956521,0.7034090909090909,87
3,weighted avg,0.8166160822028011,0.7241379310344828,0.7403605015673981,87
