,,precision,recall,f1-score,support
0,Mask,0.8888888888888888,0.42105263157894735,0.5714285714285714,19
1,non-Mask,0.35294117647058826,0.8571428571428571,0.5,7
2,macro avg,0.6209150326797386,0.6390977443609023,0.5357142857142857,26
3,weighted avg,0.7445952740070388,0.5384615384615384,0.5521978021978021,26
